{
  "accuracy": 0.9429150481337611,
  "macro_precision": 0.8107379403291202,
  "macro_recall": 0.8804036289121214,
  "macro_f1": 0.8216842720332274,
  "weighted_precision": 0.9521123599481031,
  "weighted_recall": 0.9429150481337611,
  "weighted_f1": 0.9463696413448518,
  "per_class": {
    "yes": {
      "precision": 0.9855855855855856,
      "recall": 0.9664310954063604,
      "f1": 0.975914362176628,
      "support": 566
    },
    "no": {
      "precision": 0.950354609929078,
      "recall": 0.9453262786596119,
      "f1": 0.9478337754199824,
      "support": 567
    },
    "up": {
      "precision": 0.9165217391304348,
      "recall": 0.947841726618705,
      "f1": 0.9319186560565871,
      "support": 556
    },
    "down": {
      "precision": 0.9066213921901528,
      "recall": 0.9501779359430605,
      "f1": 0.9278887923544744,
      "support": 562
    },
    "left": {
      "precision": 0.9605734767025089,
      "recall": 0.9537366548042705,
      "f1": 0.9571428571428572,
      "support": 562
    },
    "right": {
      "precision": 0.963963963963964,
      "recall": 0.9622302158273381,
      "f1": 0.963096309630963,
      "support": 556
    },
    "on": {
      "precision": 0.9375,
      "recall": 0.9298531810766721,
      "f1": 0.9336609336609336,
      "support": 613
    },
    "off": {
      "precision": 0.9514018691588785,
      "recall": 0.9237749546279492,
      "f1": 0.9373848987108656,
      "support": 551
    },
    "stop": {
      "precision": 0.9789983844911146,
      "recall": 0.964968152866242,
      "f1": 0.9719326383319968,
      "support": 628
    },
    "go": {
      "precision": 0.9397810218978102,
      "recall": 0.8626465661641541,
      "f1": 0.8995633187772926,
      "support": 597
    },
    "zero": {
      "precision": 0.9537953795379538,
      "recall": 0.9633333333333334,
      "f1": 0.9585406301824212,
      "support": 600
    },
    "one": {
      "precision": 0.973109243697479,
      "recall": 0.9491803278688524,
      "f1": 0.9609958506224067,
      "support": 610
    },
    "two": {
      "precision": 0.951473136915078,
      "recall": 0.9352640545144804,
      "f1": 0.9432989690721649,
      "support": 587
    },
    "three": {
      "precision": 0.980072463768116,
      "recall": 0.944153577661431,
      "f1": 0.9617777777777777,
      "support": 573
    },
    "four": {
      "precision": 0.9816326530612245,
      "recall": 0.9196940726577438,
      "f1": 0.9496544916090819,
      "support": 523
    },
    "five": {
      "precision": 0.9562398703403565,
      "recall": 0.9577922077922078,
      "f1": 0.9570154095701541,
      "support": 616
    },
    "six": {
      "precision": 0.9737704918032787,
      "recall": 0.9504,
      "f1": 0.9619433198380567,
      "support": 625
    },
    "seven": {
      "precision": 0.9676258992805755,
      "recall": 0.9693693693693693,
      "f1": 0.9684968496849685,
      "support": 555
    },
    "eight": {
      "precision": 0.9700704225352113,
      "recall": 0.9467353951890034,
      "f1": 0.9582608695652174,
      "support": 582
    },
    "nine": {
      "precision": 0.9528619528619529,
      "recall": 0.9576988155668359,
      "f1": 0.9552742616033755,
      "support": 591
    },
    "zh_yes": {
      "precision": 0.9375,
      "recall": 1.0,
      "f1": 0.967741935483871,
      "support": 15
    },
    "zh_no": {
      "precision": 1.0,
      "recall": 1.0,
      "f1": 1.0,
      "support": 15
    },
    "zh_up": {
      "precision": 0.0,
      "recall": 0.0,
      "f1": 0.0,
      "support": 12
    },
    "zh_down": {
      "precision": 0.36363636363636365,
      "recall": 0.5,
      "f1": 0.42105263157894735,
      "support": 8
    },
    "zh_left": {
      "precision": 0.7272727272727273,
      "recall": 0.8888888888888888,
      "f1": 0.8,
      "support": 9
    },
    "zh_right": {
      "precision": 0.0,
      "recall": 0.0,
      "f1": 0.0,
      "support": 11
    },
    "zh_on": {
      "precision": 0.13541666666666666,
      "recall": 0.9285714285714286,
      "f1": 0.23636363636363636,
      "support": 14
    },
    "zh_off": {
      "precision": 0.3142857142857143,
      "recall": 1.0,
      "f1": 0.4782608695652174,
      "support": 11
    },
    "zh_stop": {
      "precision": 1.0,
      "recall": 0.9230769230769231,
      "f1": 0.96,
      "support": 13
    },
    "zh_go": {
      "precision": 0.875,
      "recall": 0.7,
      "f1": 0.7777777777777778,
      "support": 10
    },
    "zh_zero": {
      "precision": 1.0,
      "recall": 1.0,
      "f1": 1.0,
      "support": 10
    },
    "zh_one": {
      "precision": 0.6111111111111112,
      "recall": 1.0,
      "f1": 0.7586206896551724,
      "support": 11
    },
    "zh_two": {
      "precision": 0.9230769230769231,
      "recall": 1.0,
      "f1": 0.96,
      "support": 12
    },
    "zh_three": {
      "precision": 0.44,
      "recall": 1.0,
      "f1": 0.6111111111111112,
      "support": 11
    },
    "zh_four": {
      "precision": 1.0,
      "recall": 0.375,
      "f1": 0.5454545454545454,
      "support": 8
    },
    "zh_five": {
      "precision": 0.8571428571428571,
      "recall": 1.0,
      "f1": 0.9230769230769231,
      "support": 12
    },
    "zh_six": {
      "precision": 0.4074074074074074,
      "recall": 1.0,
      "f1": 0.5789473684210527,
      "support": 11
    },
    "zh_seven": {
      "precision": 0.9,
      "recall": 1.0,
      "f1": 0.9473684210526315,
      "support": 9
    },
    "zh_eight": {
      "precision": 0.7857142857142857,
      "recall": 1.0,
      "f1": 0.88,
      "support": 11
    },
    "zh_nine": {
      "precision": 1.0,
      "recall": 1.0,
      "f1": 1.0,
      "support": 9
    }
  }
}