{
  "accuracy": 0.9574396216855261,
  "macro_precision": 0.8764418483519073,
  "macro_recall": 0.8641994104116346,
  "macro_f1": 0.850325317516958,
  "weighted_precision": 0.9581675675878087,
  "weighted_recall": 0.9574396216855261,
  "weighted_f1": 0.9569151327274792,
  "per_class": {
    "yes": {
      "precision": 0.9838129496402878,
      "recall": 0.9664310954063604,
      "f1": 0.9750445632798574,
      "support": 566
    },
    "no": {
      "precision": 0.9557522123893806,
      "recall": 0.9523809523809523,
      "f1": 0.9540636042402827,
      "support": 567
    },
    "up": {
      "precision": 0.8872305140961857,
      "recall": 0.9622302158273381,
      "f1": 0.9232096635030198,
      "support": 556
    },
    "down": {
      "precision": 0.9589285714285715,
      "recall": 0.9555160142348754,
      "f1": 0.9572192513368984,
      "support": 562
    },
    "left": {
      "precision": 0.9765765765765766,
      "recall": 0.9644128113879004,
      "f1": 0.9704565801253358,
      "support": 562
    },
    "right": {
      "precision": 0.9836660617059891,
      "recall": 0.9748201438848921,
      "f1": 0.979223125564589,
      "support": 556
    },
    "on": {
      "precision": 0.9462540716612378,
      "recall": 0.9477977161500816,
      "f1": 0.9470252648736757,
      "support": 613
    },
    "off": {
      "precision": 0.9560439560439561,
      "recall": 0.9473684210526315,
      "f1": 0.9516864175022789,
      "support": 551
    },
    "stop": {
      "precision": 0.9807692307692307,
      "recall": 0.9745222929936306,
      "f1": 0.9776357827476039,
      "support": 628
    },
    "go": {
      "precision": 0.9440677966101695,
      "recall": 0.932998324958124,
      "f1": 0.9385004212299916,
      "support": 597
    },
    "zero": {
      "precision": 0.9635157545605307,
      "recall": 0.9683333333333334,
      "f1": 0.9659185369908562,
      "support": 600
    },
    "one": {
      "precision": 0.9767054908485857,
      "recall": 0.9622950819672131,
      "f1": 0.9694467382328654,
      "support": 610
    },
    "two": {
      "precision": 0.9414715719063546,
      "recall": 0.959114139693356,
      "f1": 0.950210970464135,
      "support": 587
    },
    "three": {
      "precision": 0.9593639575971732,
      "recall": 0.9476439790575916,
      "f1": 0.9534679543459175,
      "support": 573
    },
    "four": {
      "precision": 0.9633204633204633,
      "recall": 0.9541108986615678,
      "f1": 0.9586935638808838,
      "support": 523
    },
    "five": {
      "precision": 0.9755301794453507,
      "recall": 0.9707792207792207,
      "f1": 0.9731489015459723,
      "support": 616
    },
    "six": {
      "precision": 0.9775641025641025,
      "recall": 0.976,
      "f1": 0.9767814251401121,
      "support": 625
    },
    "seven": {
      "precision": 0.9609236234458259,
      "recall": 0.9747747747747748,
      "f1": 0.9677996422182469,
      "support": 555
    },
    "eight": {
      "precision": 0.9737762237762237,
      "recall": 0.9570446735395189,
      "f1": 0.9653379549393414,
      "support": 582
    },
    "nine": {
      "precision": 0.9533333333333334,
      "recall": 0.9678510998307953,
      "f1": 0.9605373635600336,
      "support": 591
    },
    "zh_yes": {
      "precision": 0.6,
      "recall": 0.8,
      "f1": 0.6857142857142857,
      "support": 15
    },
    "zh_no": {
      "precision": 0.6818181818181818,
      "recall": 1.0,
      "f1": 0.8108108108108109,
      "support": 15
    },
    "zh_up": {
      "precision": 1.0,
      "recall": 0.08333333333333333,
      "f1": 0.15384615384615385,
      "support": 12
    },
    "zh_down": {
      "precision": 0.4375,
      "recall": 0.875,
      "f1": 0.5833333333333334,
      "support": 8
    },
    "zh_left": {
      "precision": 1.0,
      "recall": 0.5555555555555556,
      "f1": 0.7142857142857143,
      "support": 9
    },
    "zh_right": {
      "precision": 0.625,
      "recall": 0.45454545454545453,
      "f1": 0.5263157894736842,
      "support": 11
    },
    "zh_on": {
      "precision": 1.0,
      "recall": 0.42857142857142855,
      "f1": 0.6,
      "support": 14
    },
    "zh_off": {
      "precision": 1.0,
      "recall": 0.9090909090909091,
      "f1": 0.9523809523809523,
      "support": 11
    },
    "zh_stop": {
      "precision": 0.8666666666666667,
      "recall": 1.0,
      "f1": 0.9285714285714286,
      "support": 13
    },
    "zh_go": {
      "precision": 0.75,
      "recall": 0.9,
      "f1": 0.8181818181818182,
      "support": 10
    },
    "zh_zero": {
      "precision": 1.0,
      "recall": 0.8,
      "f1": 0.8888888888888888,
      "support": 10
    },
    "zh_one": {
      "precision": 1.0,
      "recall": 1.0,
      "f1": 1.0,
      "support": 11
    },
    "zh_two": {
      "precision": 0.631578947368421,
      "recall": 1.0,
      "f1": 0.7741935483870968,
      "support": 12
    },
    "zh_three": {
      "precision": 0.8461538461538461,
      "recall": 1.0,
      "f1": 0.9166666666666666,
      "support": 11
    },
    "zh_four": {
      "precision": 0.0,
      "recall": 0.0,
      "f1": 0.0,
      "support": 8
    },
    "zh_five": {
      "precision": 0.9230769230769231,
      "recall": 1.0,
      "f1": 0.96,
      "support": 12
    },
    "zh_six": {
      "precision": 0.7272727272727273,
      "recall": 0.7272727272727273,
      "f1": 0.7272727272727273,
      "support": 11
    },
    "zh_seven": {
      "precision": 0.75,
      "recall": 1.0,
      "f1": 0.8571428571428571,
      "support": 9
    },
    "zh_eight": {
      "precision": 1.0,
      "recall": 0.8181818181818182,
      "f1": 0.9,
      "support": 11
    },
    "zh_nine": {
      "precision": 1.0,
      "recall": 1.0,
      "f1": 1.0,
      "support": 9
    }
  }
}