{
  "accuracy": 0.9545684850532005,
  "macro_precision": 0.8776223797489529,
  "macro_recall": 0.8533875125063449,
  "macro_f1": 0.8388314757377209,
  "weighted_precision": 0.9561151769567381,
  "weighted_recall": 0.9545684850532005,
  "weighted_f1": 0.9541687490193479,
  "per_class": {
    "yes": {
      "precision": 0.9927272727272727,
      "recall": 0.9646643109540636,
      "f1": 0.978494623655914,
      "support": 566
    },
    "no": {
      "precision": 0.9540636042402827,
      "recall": 0.9523809523809523,
      "f1": 0.9532215357458076,
      "support": 567
    },
    "up": {
      "precision": 0.8813838550247117,
      "recall": 0.9622302158273381,
      "f1": 0.9200343938091143,
      "support": 556
    },
    "down": {
      "precision": 0.950354609929078,
      "recall": 0.9537366548042705,
      "f1": 0.9520426287744227,
      "support": 562
    },
    "left": {
      "precision": 0.9644128113879004,
      "recall": 0.9644128113879004,
      "f1": 0.9644128113879004,
      "support": 562
    },
    "right": {
      "precision": 0.962432915921288,
      "recall": 0.9676258992805755,
      "f1": 0.9650224215246637,
      "support": 556
    },
    "on": {
      "precision": 0.9248,
      "recall": 0.9429037520391517,
      "f1": 0.9337641357027464,
      "support": 613
    },
    "off": {
      "precision": 0.9626865671641791,
      "recall": 0.9364791288566243,
      "f1": 0.9494020239190433,
      "support": 551
    },
    "stop": {
      "precision": 0.9807692307692307,
      "recall": 0.9745222929936306,
      "f1": 0.9776357827476039,
      "support": 628
    },
    "go": {
      "precision": 0.9368600682593856,
      "recall": 0.9195979899497487,
      "f1": 0.9281487743026204,
      "support": 597
    },
    "zero": {
      "precision": 0.9700499168053245,
      "recall": 0.9716666666666667,
      "f1": 0.9708576186511241,
      "support": 600
    },
    "one": {
      "precision": 0.96875,
      "recall": 0.9655737704918033,
      "f1": 0.9671592775041051,
      "support": 610
    },
    "two": {
      "precision": 0.9522184300341296,
      "recall": 0.9505962521294719,
      "f1": 0.9514066496163683,
      "support": 587
    },
    "three": {
      "precision": 0.9698581560283688,
      "recall": 0.9546247818499127,
      "f1": 0.9621811785400176,
      "support": 573
    },
    "four": {
      "precision": 0.9577735124760077,
      "recall": 0.9541108986615678,
      "f1": 0.9559386973180076,
      "support": 523
    },
    "five": {
      "precision": 0.9626623376623377,
      "recall": 0.9626623376623377,
      "f1": 0.9626623376623377,
      "support": 616
    },
    "six": {
      "precision": 0.9746434231378764,
      "recall": 0.984,
      "f1": 0.9792993630573248,
      "support": 625
    },
    "seven": {
      "precision": 0.9696969696969697,
      "recall": 0.9801801801801802,
      "f1": 0.974910394265233,
      "support": 555
    },
    "eight": {
      "precision": 0.968421052631579,
      "recall": 0.9484536082474226,
      "f1": 0.9583333333333334,
      "support": 582
    },
    "nine": {
      "precision": 0.9673539518900344,
      "recall": 0.9526226734348562,
      "f1": 0.9599317988064792,
      "support": 591
    },
    "zh_yes": {
      "precision": 0.5555555555555556,
      "recall": 1.0,
      "f1": 0.7142857142857143,
      "support": 15
    },
    "zh_no": {
      "precision": 0.9375,
      "recall": 1.0,
      "f1": 0.967741935483871,
      "support": 15
    },
    "zh_up": {
      "precision": 1.0,
      "recall": 0.08333333333333333,
      "f1": 0.15384615384615385,
      "support": 12
    },
    "zh_down": {
      "precision": 0.3076923076923077,
      "recall": 0.5,
      "f1": 0.38095238095238093,
      "support": 8
    },
    "zh_left": {
      "precision": 1.0,
      "recall": 0.5555555555555556,
      "f1": 0.7142857142857143,
      "support": 9
    },
    "zh_right": {
      "precision": 1.0,
      "recall": 0.2727272727272727,
      "f1": 0.42857142857142855,
      "support": 11
    },
    "zh_on": {
      "precision": 1.0,
      "recall": 0.5,
      "f1": 0.6666666666666666,
      "support": 14
    },
    "zh_off": {
      "precision": 1.0,
      "recall": 1.0,
      "f1": 1.0,
      "support": 11
    },
    "zh_stop": {
      "precision": 1.0,
      "recall": 0.6153846153846154,
      "f1": 0.7619047619047619,
      "support": 13
    },
    "zh_go": {
      "precision": 0.6,
      "recall": 0.9,
      "f1": 0.72,
      "support": 10
    },
    "zh_zero": {
      "precision": 1.0,
      "recall": 1.0,
      "f1": 1.0,
      "support": 10
    },
    "zh_one": {
      "precision": 1.0,
      "recall": 1.0,
      "f1": 1.0,
      "support": 11
    },
    "zh_two": {
      "precision": 0.5217391304347826,
      "recall": 1.0,
      "f1": 0.6857142857142857,
      "support": 12
    },
    "zh_three": {
      "precision": 1.0,
      "recall": 0.9090909090909091,
      "f1": 0.9523809523809523,
      "support": 11
    },
    "zh_four": {
      "precision": 0.0,
      "recall": 0.0,
      "f1": 0.0,
      "support": 8
    },
    "zh_five": {
      "precision": 0.8571428571428571,
      "recall": 1.0,
      "f1": 0.9230769230769231,
      "support": 12
    },
    "zh_six": {
      "precision": 0.8181818181818182,
      "recall": 0.8181818181818182,
      "f1": 0.8181818181818182,
      "support": 11
    },
    "zh_seven": {
      "precision": 0.6923076923076923,
      "recall": 1.0,
      "f1": 0.8181818181818182,
      "support": 9
    },
    "zh_eight": {
      "precision": 1.0,
      "recall": 0.8181818181818182,
      "f1": 0.9,
      "support": 11
    },
    "zh_nine": {
      "precision": 0.6428571428571429,
      "recall": 1.0,
      "f1": 0.782608695652174,
      "support": 9
    }
  }
}